asset,source,sha256
achievement_background_active_1,https://images.habbo.com/c_images/Quests/achievement_background_active_1.png,03b507d335b6325709159719dad8f5333c9df809ce6dc0df978e79e9f2f7c703
achievement_background_active_2,https://images.habbo.com/c_images/Quests/achievement_background_active_2.png,0d5cdcc415b35837942bbb4403c8228f4c40cc05882fc59d4fa6ef34ab0fb7f6
achievement_category_bkg_empty_3,https://images.habbo.com/c_images/Quests/achievement_category_bkg_empty_3.png,0969c67bd3b9737753b9dedb9023ba3321840ff57377a6037101bef5e63dde0b
achievement_active,https://images.habbo.com/c_images/Quests/achievement_active.png,fafa3497851591ac1787833843741d6247845347158b71e591b910fbea083393
achievement_inactive,https://images.habbo.com/c_images/Quests/achievement_inactive.png,5af63b1ad413d58ffb7addf0c6fe451c3a935a4cbf6620353bcffb9aac9cdc64
ach_category_identity,https://images.habbo.com/c_images/Quests/ach_category_identity.png,98726614068c36d5cc43a0fe5a201daf4b335edfa1e2614371afff0c5ae23658
ach_category_social,https://images.habbo.com/c_images/Quests/ach_category_social.png,4b4f105f6569f14969d9134ff5113df0114e5d2b8048859b419be08064bf2244
ach_category_explore,https://images.habbo.com/c_images/Quests/ach_category_explore.png,86531ac4802760571564fffff7cdeb6af80728ac9f6749c9aaae820ad6a47e25
ach_category_pets,https://images.habbo.com/c_images/Quests/ach_category_pets.png,44ac7f10e7079b2782da7f4f4492e53e8324c2d6d4e2a169e6b1191335e66486
ach_category_games,https://images.habbo.com/c_images/Quests/ach_category_games.png,6cc540a317ae2382c8beb2996036fed57a8be5146cd2eed57108d231709ce791
ach_category_room_builder,https://images.habbo.com/c_images/Quests/ach_category_room_builder.png,8be7c41cef268024ea87e7796fe06bc0c366ffd707240005ffebe49f203a76a7
ach_category_archive,https://images.habbo.com/c_images/Quests/ach_category_archive.png,81fbd2f3d8a3f474935cf5ad0b338cd05c83b65b8752547dd0b97b673c52484a
achicon_identity,https://images.habbo.com/c_images/Quests/achicon_identity.png,35572fe62f08091f1e8d1586b467868be6e2dc15558fb0830bc9bc834bd721cf
achicon_social,https://images.habbo.com/c_images/Quests/achicon_social.png,d6ed836311210cca8e9c8c51f507b95ccf016b6e49456f8e77d78a87b9f14226
achicon_explore,https://images.habbo.com/c_images/Quests/achicon_explore.png,225d8da7ad5e74d8e2e7b40287bb2f33451f90154694150732fbca558083da52
achicon_pets,https://images.habbo.com/c_images/Quests/achicon_pets.png,53a38a8ba2dba79198a054be7b04ebf45e8133cb8e79f7be064ee27a346e56bb
achicon_music,https://images.habbo.com/c_images/Quests/achicon_music.png,133e671c8eeb542b1eb597c7b49a4614eb1a817adb76cfe6435a4428583637c9
achicon_games,https://images.habbo.com/c_images/Quests/achicon_games.png,35fc1266349b59030e349d15706d86d24657b11766e38c5a6d6eb90be9199bda
achicon_room_builder,https://images.habbo.com/c_images/Quests/achicon_room_builder.png,535f1fa451bb469fa4cbb1c18b940a0b62b12a6478f20a03d7bb4bb9dfe4014d
achicon_archive,https://images.habbo.com/c_images/Quests/achicon_archive.png,7ef46903655a67a796f40c620eaf1cd0b2e94273ccdba027675a8af37e630802
ach_progressbar1,https://images.habbo.com/c_images/Quests/ach_progressbar1.png,5dfa7d2bd20f3b8e0d98980cb2d67178a44dbf2e5bee4dc0f2db36764c196a4a
ach_progressbar2,https://images.habbo.com/c_images/Quests/ach_progressbar2.png,55b2c8659f5ce59b2ae3ea3c3dd2e06419d471b30b5179c64f7b6b84d319b28c
ach_progressbar3,https://images.habbo.com/c_images/Quests/ach_progressbar3.png,81b57e46284b1fae583c7ced97203da8a17ef092dbc250042f1de0ee4e88968c
ach_progressbar4,https://images.habbo.com/c_images/Quests/ach_progressbar4.png,a3e474c0b4813660d1fa50e7f986e3b05e9b99537f66ffea811a95bfd2b2fb16
ach_progressbar5,https://images.habbo.com/c_images/Quests/ach_progressbar5.png,6cfe6eedd1367c85a7839589a8c04fc48a343bcf5cf680a992e0155ff437aaff
../habbo-skin/slices/border-7-de4537.png,WIN63-202609091217-117204808 habbo_skin_ubuntu_png border_7 XML2956 9pieces at x10/16/29 y190/196/205 multiplyDE4537,3074e4529c7b3a9051b4bc7bc0ea83276a3ce3affe672a3d8876cce59b40164c
room-tools-achievements.png,WIN63-202609091217-117204808 HabboWindowManagerCom.roomtools_achievements 2285_achievements_png$d49e473fb92b8ef1a3e7d3e495a5366c220223014.png wholeimage,c84c5097d4a98125c6278058e13de70f1862f5c3410b65a8d757161265e6c000
achicon_music.png,https://images.habbo.com/c_images/Quests/achicon_music.png,133e671c8eeb542b1eb597c7b49a4614eb1a817adb76cfe6435a4428583637c9
ach_category_crackables,https://images.habbo.com/c_images/Quests/ach_category_crackables.png,8599573554648b40095480ae992c2472237fcf3264bd6396ddbf268539143177
achicon_crackables,https://images.habbo.com/c_images/Quests/achicon_crackables.png,e7a596eb7c9db54a4620ae510719a30186b0860eb9f9d1acdea4fa3512037c6a
ach_category_crafting,https://images.habbo.com/c_images/Quests/ach_category_crafting.png,056ee40a6d14b5277545f6c054fde0111d6553a2e4f93b3eb6ab281ed7df47ba
achicon_crafting,https://images.habbo.com/c_images/Quests/achicon_crafting.png,c6d84ff7b6fc4fc3bc94cad807278509b6ec38f5207395c0ed67cdfe322e5a42
ach_category_collectibles,https://images.habbo.com/c_images/Quests/ach_category_collectibles.png,0a612a66b8349aead145cd889556e6b7248caabc33a9c6005b3121b01e96e163
achicon_collectibles,https://images.habbo.com/c_images/Quests/achicon_collectibles.png,f164d339654ee731267c37be709c0c2ced8785a57e2069797ec90d0c355b8212
