alias,linkage,build,source,crop,transform,sha256
logo.png,see BCFloorPlanEditor/HabboWindowManagerCom,WIN63-202609091217-117204808,1985_logo_png$942512407f5903cf72bf6ba0376c7b39576711309.png,full,none,f2de5a802340a9e8ae4e1b29f65d8389736efc7756fd545f67f3b868598c4558
add-tile.png,see BCFloorPlanEditor/HabboWindowManagerCom,WIN63-202609091217-117204808,2900_add_tile_png$5ca70159eabe566b87fd7b1be8562c521369456366.png,full,none,20736d65990ab44e412188cf6c518cfc62740ca8addba0b234427f91e124b730
remove-tile.png,see BCFloorPlanEditor/HabboWindowManagerCom,WIN63-202609091217-117204808,2047_class_1393.png,full,none,dc65cecd98121bfbc40afdc00de65e34c8143d44d8a90ca16a8e84f376b1fd36
raise-tile.png,see BCFloorPlanEditor/HabboWindowManagerCom,WIN63-202609091217-117204808,2044_raise_tile_png$acad35622086481ffe2f6ec7677fc3271568875707.png,full,none,1d8eababa445c8846424e33b619c5e4d81cb7abfb73b0ea43121c6d5c8ebf3d9
sink-tile.png,see BCFloorPlanEditor/HabboWindowManagerCom,WIN63-202609091217-117204808,2780_class_1517.png,full,none,6d18aa26c535aee3456deb47136d6150be8599b19ff550b0539755a9228aee0d
enter-tile.png,see BCFloorPlanEditor/HabboWindowManagerCom,WIN63-202609091217-117204808,2151_enter_tile_png$83a484d4064ad3073f3a54ec28f2e00c29494215.png,full,none,271bfed269bf2931f009e76ac5fbf65b2db5e922ed331f73e89123e118786811
tile-base.png,see BCFloorPlanEditor/HabboWindowManagerCom,WIN63-202609091217-117204808,3349_class_4307.png,full,none,78525b22180224192e41445ddb61b977d5934b8aaccdc0bdaf41ca59235562d3
tile-entry.png,see BCFloorPlanEditor/HabboWindowManagerCom,WIN63-202609091217-117204808,3350_floor_editor_tile_entry_png$0e5c9ee15b605fd331afab1062d455a8659927435.png,full,none,659b983dde2e16bc873514b5a205d109b69aa5a77d5b6bd921a6fa356e585510
tile-base-large.png,see BCFloorPlanEditor/HabboWindowManagerCom,WIN63-202609091217-117204808,3347_class_4306.png,full,none,aada2e13f1255ce1ae6801da750a6017fce82f1a975608e72e03e89302a45a18
tile-entry-large.png,see BCFloorPlanEditor/HabboWindowManagerCom,WIN63-202609091217-117204808,3348_floor_editor_tile_entry_large_png$071f978e36ba4899ceac470cacbdef18184408143.png,full,none,df1498d8ce431b3fabe0f371aa9de4e2acf7f0c8d4cea384122a52d7f508db2e
magnifier.png,see BCFloorPlanEditor/HabboWindowManagerCom,WIN63-202609091217-117204808,2869_magnifier_png$55c8969e062480b8c1858d0d35889f1d1180000578.png,full,none,b58063cc396e39dd5b3bb0935a051a0d3bf47282444163f9c7d99fcdc520af0b
slider-thumb.png,see BCFloorPlanEditor/HabboWindowManagerCom,WIN63-202609091217-117204808,2468_class_186.png,full,none,d7ef66630cdd78af8c0625e4664516542612d13bd2c76c10731e73be5e1ba2d4
reception-divider.png,see BCFloorPlanEditor/HabboWindowManagerCom,WIN63-202609091217-117204808,2098_class_1382.png,full,none,6c33a96c3cfda4351c3eb07a99137555f708d5ffb0b4c12ad2c0f5c53c22e7ee
wall-slider.png,see BCFloorPlanEditor/HabboWindowManagerCom,WIN63-202609091217-117204808,2028_class_499.png,full,none,dc77e5f07430a80a7838b1c52988fbbd11a9cbf8e8c6a801c6595a469a927f12
arrow-left.png,icon style 2 icon_2 color 0x00,WIN63-202609091217-117204808,2949_habbo_icons_png$8b101e792160bfac16b264f6c2a8ba2d1546660773.png,"20,0,10,9",colorize RGB*0 alpha kept,06ca258bfd5359e9662f92467926d973f87ae507b7e0a7308908af117c181a96
arrow-right.png,icon style 3 icon_3 color 0x00,WIN63-202609091217-117204808,2949_habbo_icons_png$8b101e792160bfac16b264f6c2a8ba2d1546660773.png,"31,0,10,9",colorize RGB*0 alpha kept,81c5494294c1511e639ede3c973884448d61c16a07c8d6fb3fc8a650a2397668
save-style5-default.png,button_thick style 5 color 0x0BB3E3,WIN63-202609091217-117204808,2378_class_840.png,"assembled 120x35 default",trunc channel*byte/255,197a9b8ddaab7ff01975080be174c39509631c65e4818f679a8333bf145da3cb
save-style5-hover.png,button_thick style 5 color 0x0BB3E3,WIN63-202609091217-117204808,2378_class_840.png,"assembled 120x35 hovering",trunc channel*byte/255,6902347a2455e21af29caac8f7787230dff862d8b8a85c0fd5d3e183aeab6091
save-style5-pressed.png,button_thick style 5 color 0x0BB3E3,WIN63-202609091217-117204808,2378_class_840.png,"assembled 120x35 pressed",trunc channel*byte/255,f99ade9ee28d9fa010798af4ecb5e103fc449076bead96b58c7159215e9342e8
save-style5-disabled.png,button_thick style 5 color 0x0BB3E3,WIN63-202609091217-117204808,2378_class_840.png,"assembled 120x35 disabled",trunc channel*byte/255 alpha kept,3c12a1ffa5ad88cbdf77b75e2645560e5dd334b74761314f164e7937a0f463ca
dir-style5-default.png,container_button style 5 untinted,WIN63-202609091217-117204808,2925_habbo_skin_ubuntu_png$3e7b6c31bebfcaeb507157a302e0b5be1308799348.png,"assembled 25x24 default",none,ad2c85d2647a2ffa87fe283307ab8c3f7a1d4b7af67b5b6cf7b297b19ab5bca1
dir-style5-hover.png,container_button style 5 untinted,WIN63-202609091217-117204808,2925_habbo_skin_ubuntu_png$3e7b6c31bebfcaeb507157a302e0b5be1308799348.png,"assembled 25x24 hovering",none,b48db5f0450e5c74f87a01117b16a49be9126ea07f561610b346e20c382893d0
dir-style5-pressed.png,container_button style 5 untinted,WIN63-202609091217-117204808,2925_habbo_skin_ubuntu_png$3e7b6c31bebfcaeb507157a302e0b5be1308799348.png,"assembled 25x24 pressed",none,9672b704e013b1b41745f845995abc22f3a13615c9d0f037546c1306e595cb69
dir-style5-disabled.png,container_button style 5 untinted,WIN63-202609091217-117204808,2925_habbo_skin_ubuntu_png$3e7b6c31bebfcaeb507157a302e0b5be1308799348.png,"assembled 25x24 disabled",none,d054dd0c44ae98a161a3e0df35942188e66e7e0588891771068cfccdf6a1029b
preview-0.png,see BCFloorPlanEditor/HabboWindowManagerCom,WIN63-202609091217-117204808,3365_class_4309.png,full,none,e91da54cdae714e5f6f186f5f557f555c3426e4ab8ca67f3714c0f23646a3ad3
preview-1.png,see BCFloorPlanEditor/HabboWindowManagerCom,WIN63-202609091217-117204808,3364_class_4310.png,full,none,a67b91106c669855c289812fb819e8ea67cc650598d950775c55543eea31a09f
preview-2.png,see BCFloorPlanEditor/HabboWindowManagerCom,WIN63-202609091217-117204808,3357_class_4311.png,full,none,301353cacb6048e5f2ae79a3eb0ae4767e530d7897488344f6beea089ce760e4
preview-3.png,see BCFloorPlanEditor/HabboWindowManagerCom,WIN63-202609091217-117204808,3363_class_4312.png,full,none,9283c551d6ca6575005e0f87c9e8c13189e85bfb32b22fb20ad0cbbaddf59c10
preview-4.png,see BCFloorPlanEditor/HabboWindowManagerCom,WIN63-202609091217-117204808,3354_class_4313.png,full,none,3e0403017910a226311bf4739600a3799063916c31e8552c6e4210b9adcc2c52
preview-5.png,see BCFloorPlanEditor/HabboWindowManagerCom,WIN63-202609091217-117204808,3358_class_4314.png,full,none,5c4688b5aceb90cb6cc33f91760ee105b6cf4cc49854e2069330bbf82bbe100c
preview-6.png,see BCFloorPlanEditor/HabboWindowManagerCom,WIN63-202609091217-117204808,3351_class_4315.png,full,none,6c6ef3d9e7032e9d70da5f45a13c2e8fc2b79ad38b5f926ed54d42c004071346
preview-7.png,see BCFloorPlanEditor/HabboWindowManagerCom,WIN63-202609091217-117204808,3362_class_4316.png,full,none,8b2665b3c666a17d742f5de51880d67dcaf2aeb45129472e2b75669e06ed8a59
preview-8.png,see BCFloorPlanEditor/HabboWindowManagerCom,WIN63-202609091217-117204808,3353_class_4317.png,full,none,b98f159af2246079ebde9d5678e8ea87fba9eb2d184a6bd0040c3d7e32d62302
preview-9.png,see BCFloorPlanEditor/HabboWindowManagerCom,WIN63-202609091217-117204808,3361_class_4318.png,full,none,08d458ec539cc2f37af72d05bd465d721346e2b8ff49f3bf97168858c0bcbdfe
preview-a.png,see BCFloorPlanEditor/HabboWindowManagerCom,WIN63-202609091217-117204808,3359_class_4319.png,full,none,612f16a07a5e6baa16a825856708ef99b174af85a3e8a1682349c101a2c59ff7
preview-b.png,see BCFloorPlanEditor/HabboWindowManagerCom,WIN63-202609091217-117204808,3352_class_4320.png,full,none,7acafb6ddaa6bcc4aaa627b3abb1459fbc512e4da3396b0642e8a61acf117d77
preview-c.png,see BCFloorPlanEditor/HabboWindowManagerCom,WIN63-202609091217-117204808,3356_class_4321.png,full,none,9a67c4514139d2e16a15c8d3a276341dcaf51c3b7f688065864324bcaf23cd1b
preview-d.png,see BCFloorPlanEditor/HabboWindowManagerCom,WIN63-202609091217-117204808,3366_class_4322.png,full,none,a85d23b49d5dd792b726b23f02b5f2dd8aa135272604d71a1b7d705ca9daac5d
preview-e.png,see BCFloorPlanEditor/HabboWindowManagerCom,WIN63-202609091217-117204808,3355_class_4323.png,full,none,0d659281deec9aa7e6b1d352c39b6dd1e6e139fdc82b2808af04f20611a3301f
preview-f.png,see BCFloorPlanEditor/HabboWindowManagerCom,WIN63-202609091217-117204808,3367_class_4325.png,full,none,949ce75731e75a57cc89f7cc407ebe17f500b8464dbffe22043e894244a7f338
preview-entry.png,see BCFloorPlanEditor/HabboWindowManagerCom,WIN63-202609091217-117204808,3360_class_4324.png,full,none,70ba23d9c096893d80f7c28df5faa51ff32453f9de0c1f10ea24270ba185ea68
frame-ubuntu-3-bc.png,habbo_skin_ubuntu frame style 3,WIN63-202609091217-117204808,2925_habbo_skin_ubuntu_png$3e7b6c31bebfcaeb507157a302e0b5be1308799348.png,"10,10,26,55",multiply top 33px #ff8d00,24ff96be31ab97b7b0636e96922e424849d8d910a9181cf9c556a9c335c594d7
